<set xmlns:noNamespaceSchemaLocation="CardSet.xsd" name="Alpha Trion Protocols - Set 2 - PLAYTEST" id="13c500c9-ebb5-45cc-9ca4-2389e8d2e978" gameId="f44befce-4d6d-4fb9-a286-9585f36aece9" gameVersion="0.0.0.1" version="0.0.0.1">
<cards>

<card id="1161a64e-7625-4c63-9587-a80f2f11a264" name="Bullseye Aegis" size="Small">
<property name="Card Number" value="X:"/>
<property name="Type" value="Upgrade - Armor" />
<property name="Stars" value="1" />
<property name="Rarity" value="Common" />
</card>
<card id="13a0ac22-00da-4fb5-9acb-33ee69db81f3" name="Drift - Noble Warrior" size="Large">
<property name="Card Number" value="X:"/>
<property name="Type" value="Character - Alt Mode" />
<property name="Stars" value="7" />
<alternate type="bot" name="Drift - Noble Warrior" size="Large">
<property name="Type" value="Character - Bot Mode" />
</alternate>
<property name="Rarity" value="Rare" />
</card>
<card id="15b3d1b5-275e-4a12-bc87-b94f5e9aac38" name="Motormaster - Stunticon Don" size="Small">
<property name="Card Number" value="X:"/>
<property name="Type" value="Character - Alt Mode" />
<property name="Stars" value="8" />
<alternate type="bot" name="Motormaster - Stunticon Don" size="Small">
<property name="Type" value="Character - Bot Mode" />
</alternate>
<property name="Rarity" value="Common" />
</card>
<card id="18c0ee15-dca4-4921-a692-45626057858b" name="Lock-On Lasers" size="Small">
<property name="Card Number" value="X:"/>
<property name="Type" value="Upgrade - Weapon" />
<property name="Rarity" value="Rare" />
</card>
<card id="1d9d5c4c-5f1f-4530-afc0-d9d12db58ca0" name="Take By Surprise" size="Small">
<property name="Card Number" value="X:"/>
<property name="Type" value="Action" />
<property name="Rarity" value="Rare" />
</card>
<card id="1ecbe86f-4694-417f-ab8f-fcdcac9291f9" name="Whatever It Takes" size="Small">
<property name="Card Number" value="X:"/>
<property name="Type" value="Stratagem" />
<property name="Stars" value="1" />
<property name="Rarity" value="Common" />
</card>
<card id="224077d4-db14-4a3b-960c-b8057fc65923" name="Ionizer Sword" size="Small">
<property name="Card Number" value="X:"/>
<property name="Type" value="Upgrade - Weapon" />
<property name="Stars" value="1" />
<property name="Rarity" value="Uncommon" />
</card>
<card id="2755ed4a-06b9-4d11-8a17-e0b2dcab26e4" name="Aerial Tactics" size="Small">
<property name="Card Number" value="X:"/>
<property name="Type" value="Stratagem" />
<property name="Stars" value="1" />
<property name="Rarity" value="Common" />
</card>
<card id="50028a33-570d-4e85-a81d-cdf2e3ed030b" name="Foreman" size="Small">
<property name="Card Number" value="X:"/>
<property name="Type" value="Stratagem" />
<property name="Rarity" value="Rare" />
</card>
<card id="5b4eb468-da8f-4792-8765-ef23eb6d3ddc" name="Dirge - Feared Fighter" size="Large">
<property name="Card Number" value="X:"/>
<property name="Type" value="Character - Alt Mode" />
<property name="Stars" value="7" />
<alternate type="bot" name="Dirge - Feared Fighter" size="Large">
<property name="Type" value="Character - Bot Mode" />
</alternate>
<property name="Rarity" value="Uncommon" />
</card>
<card id="633a7dc0-661e-4480-aa99-6a602e53daa2" name="Spotlights" size="Small">
<property name="Card Number" value="X:"/>
<property name="Type" value="Upgrade - Utility" />
<property name="Stars" value="1" />
<property name="Rarity" value="Common" />
</card>
<card id="63e3ea4d-17cf-4b4d-a5dd-7ddce9b413a7" name="Survive" size="Small">
<property name="Card Number" value="X:"/>
<property name="Type" value="Secret Action" />
<property name="Rarity" value="Uncommon" />
</card>
<card id="666d38c1-b845-4a15-9d6c-a85537242e94" name="Catch Off-Guard" size="Small">
<property name="Card Number" value="X:"/>
<property name="Type" value="Action" />
<property name="Rarity" value="Rare" />
</card>
<card id="68d486f4-dcef-4960-91d9-4794a8e6200e" name="Thrust - Boisterous Brawler" size="Large">
<property name="Card Number" value="X:"/>
<property name="Type" value="Character - Alt Mode" />
<property name="Stars" value="7" />
<alternate type="bot" name="Thrust - Boisterous Brawler" size="Large">
<property name="Type" value="Character - Bot Mode" />
</alternate>
<property name="Rarity" value="Rare" />
</card>
<card id="7160e0d7-dfac-4b29-a8ff-ee7809355a60" name="Soundwave - Intelligence Coordinator" size="Large">
<property name="Card Number" value="X:"/>
<property name="Type" value="Character - Alt Mode" />
<property name="Stars" value="11" />
<alternate type="bot" name="Soundwave - Intelligence Coordinator" size="Large">
<property name="Type" value="Character - Bot Mode" />
</alternate>
<property name="Rarity" value="Super Rare" />
</card>
<card id="71e35a98-2f21-441d-b77a-ed5e6d4582dc" name="Raider Overkill - Spy Patrol - Havoc Wreaker" size="Small">
<property name="Card Number" value="X:"/>
<property name="Type" value="Character - Alt Mode" />
<property name="Stars" value="7" />
<alternate type="bot" name="Raider Overkill - Spy Patrol - Havoc Wreaker" size="Small">
<property name="Type" value="Character - Bot Mode" />
</alternate>
<property name="Rarity" value="Uncommon" />
</card>
<card id="99194038-c0a3-48fa-b5a4-fb61f3bfc0fe" name="High-Speed Chase" size="Small">
<property name="Card Number" value="X:"/>
<property name="Type" value="Stratagem" />
<property name="Stars" value="1" />
<property name="Rarity" value="Common" />
</card>
<card id="a2ac87ce-e36b-40db-9b8d-78a8474a1a10" name="Hands-Free Artillery" size="Small">
<property name="Card Number" value="X:"/>
<property name="Type" value="Upgrade - Weapon" />
<property name="Stars" value="1" />
<property name="Rarity" value="Common" />
</card>
<card id="a3cac2dc-20d5-4afd-ab91-888699926438" name="Silverbolt - Aerialbot Commander" size="Small">
<property name="Card Number" value="X:"/>
<property name="Type" value="Character - Alt Mode" />
<property name="Stars" value="8" />
<alternate type="bot" name="Silverbolt - Aerialbot Commander" size="Small">
    <property name="Type" value="Character - Bot Mode" />
</alternate>
<property name="Rarity" value="Common" />
</card>
<card id="ad66c2d7-69a0-4623-990e-f8bf124b4c9b" name="Huffer - Construction Engineer" size="Large">
<property name="Card Number" value="X:"/>
<property name="Type" value="Character - Alt Mode" />
<alternate type="bot" name="Huffer - Construction Engineer" size="Large">
<property name="Type" value="Character - Bot Mode" />
</alternate>
<property name="Rarity" value="Common" />
</card>
<card id="ae0fdda6-6760-4ab1-bd67-dda59a45e6d1" name="Interrogation" size="Small">
<property name="Card Number" value="X:"/>
<property name="Type" value="Action" />
<property name="Rarity" value="Rare" />
</card>
<card id="b2e4ee57-c48a-4d83-b4f6-d55b6c00f7cc" name="Ironhide - Body Guard" size="Large">
<property name="Card Number" value="X:"/>
<property name="Type" value="Character - Alt Mode" />
<alternate type="bot" name="Ironhide - Body Guard" size="Large">
<property name="Type" value="Character - Bot Mode" />
</alternate>
<property name="Rarity" value="Rare" />
</card>
<card id="b90fe98e-786e-4612-9faf-b5e5aba23a2c" name="High-Speed Chase" size="Small">
<property name="Card Number" value="X:"/>
<property name="Type" value="Stratagem" />
<property name="Rarity" value="Uncommon" />
</card>
<card id="bcb82478-e7be-454a-9516-bcca28409042" name="Ramjet - Hellish Hooligan" size="Large">
<property name="Card Number" value="X:"/>
<property name="Type" value="Character - Alt Mode" />
<property name="Stars" value="13" />
<alternate type="bot" name="Ramjet - Hellish Hooligan" size="Large">
<property name="Type" value="Character - Bot Mode" />
</alternate>
<property name="Rarity" value="Rare" />
</card>
<card id="beee8f8d-3c0f-4a98-8d43-3a5fa77321b0" name="Aerial Defense Armaments" size="Small">
<property name="Card Number" value="X:"/>
<property name="Type" value="Upgrade - Utility" />
<property name="Stars" value="1" />
<property name="Rarity" value="Uncommon" />
</card>
<card id="ddf09d24-67c3-4389-9c59-ada249ece7ab" name="Aerial Tactics" size="Small">
<property name="Card Number" value="X:"/>
<property name="Type" value="Stratagem" />
<property name="Stars" value="1" />
<property name="Rarity" value="Common" />
</card>
<card id="e139da3f-dd26-4f9a-82e3-46b4ec89f747" name="The Insecticon Syndrome" size="Small">
<property name="Card Number" value="X:"/>
<property name="Type" value="Stratagem" />
<property name="Stars" value="1" />
<property name="Rarity" value="Common" />
</card>
<card id="eaa45f8d-39f2-4d6d-b210-040c3adfdeb6" name="Drop 'Em" size="Small">
<property name="Card Number" value="X:"/>
<property name="Type" value="Stratagem" />
<property name="Stars" value="1" />
<property name="Rarity" value="Common" />
</card>

</cards>
</set>
